"Status","Start Time","Stop Time","Duration in ms","Parent Suite","Suite","Sub Suite","Test Class","Test Method","Name","Description"
"passed","Mon Aug 17 22:52:39 CST 2020","Mon Aug 17 22:52:39 CST 2020","0","","test_calc","TestAdd","","","test_add_normal[add_normal_data3]",""
"passed","Mon Aug 17 22:52:39 CST 2020","Mon Aug 17 22:52:39 CST 2020","0","","test_calc","TestMul","","","test_mul_random[0-72-0]",""
"passed","Mon Aug 17 22:52:39 CST 2020","Mon Aug 17 22:52:39 CST 2020","0","","test_calc","TestAdd","","","test_add_normal[add_normal_data2]",""
"passed","Mon Aug 17 22:52:39 CST 2020","Mon Aug 17 22:52:39 CST 2020","0","","test_calc","TestDiv","","","test_div_unusual1[div_unusual_data11]",""
"skipped","Mon Aug 17 22:52:39 CST 2020","Mon Aug 17 22:52:39 CST 2020","0","","test_calc","TestAdd","","","test_add_unusual[add_unusual_data1]",""
"passed","Mon Aug 17 22:52:39 CST 2020","Mon Aug 17 22:52:39 CST 2020","1","","test_calc","TestDiv","","","test_div_normal[div_normal_data1]",""
"passed","Mon Aug 17 22:52:39 CST 2020","Mon Aug 17 22:52:39 CST 2020","0","","test_calc","TestDiv","","","test_div_normal[div_normal_data2]",""
"skipped","Mon Aug 17 22:52:39 CST 2020","Mon Aug 17 22:52:39 CST 2020","0","","test_calc","TestSub","","","test_sub_unusual[sub_unusual_data0]",""
"skipped","Mon Aug 17 22:52:39 CST 2020","Mon Aug 17 22:52:39 CST 2020","0","","test_calc","TestDiv","","","test_div_unusual2[b]",""
"passed","Mon Aug 17 22:52:39 CST 2020","Mon Aug 17 22:52:39 CST 2020","0","","test_calc","TestMul","","","test_mul_normal[mul_normal_data0]",""
"passed","Mon Aug 17 22:52:39 CST 2020","Mon Aug 17 22:52:39 CST 2020","0","","test_calc","TestDiv","","","test_div_unusual1[div_unusual_data10]",""
"passed","Mon Aug 17 22:52:39 CST 2020","Mon Aug 17 22:52:39 CST 2020","0","","test_calc","TestMul","","","test_mul_normal[mul_normal_data1]",""
"passed","Mon Aug 17 22:52:39 CST 2020","Mon Aug 17 22:52:39 CST 2020","1","","test_calc","TestAdd","","","test_add_float[add_float_data0]",""
"skipped","Mon Aug 17 22:52:39 CST 2020","Mon Aug 17 22:52:39 CST 2020","0","","test_calc","TestAdd","","","test_add_unusual[add_unusual_data0]",""
"skipped","Mon Aug 17 22:52:39 CST 2020","Mon Aug 17 22:52:39 CST 2020","0","","test_calc","TestDiv","","","test_div_unusual2[c]",""
"passed","Mon Aug 17 22:52:39 CST 2020","Mon Aug 17 22:52:39 CST 2020","0","","test_calc","TestDiv","","","test_div_normal[div_normal_data0]",""
"passed","Mon Aug 17 22:52:39 CST 2020","Mon Aug 17 22:52:39 CST 2020","0","","test_calc","TestSub","","","test_sub_normal[sub_normal_data1]",""
"passed","Mon Aug 17 22:52:39 CST 2020","Mon Aug 17 22:52:39 CST 2020","0","","test_calc","TestSub","","","test_sub_normal[sub_normal_data2]",""
"passed","Mon Aug 17 22:52:39 CST 2020","Mon Aug 17 22:52:39 CST 2020","0","","test_calc","TestSub","","","test_sub_float[sub_float_data1]",""
"passed","Mon Aug 17 22:52:39 CST 2020","Mon Aug 17 22:52:39 CST 2020","1","","test_calc","TestMul","","","test_mul_normal[mul_normal_data2]",""
"passed","Mon Aug 17 22:52:39 CST 2020","Mon Aug 17 22:52:39 CST 2020","0","","test_calc","TestAdd","","","test_add_normal[add_normal_data0]",""
"skipped","Mon Aug 17 22:52:39 CST 2020","Mon Aug 17 22:52:39 CST 2020","0","","test_calc","TestSub","","","test_sub_unusual[sub_unusual_data2]",""
"skipped","Mon Aug 17 22:52:39 CST 2020","Mon Aug 17 22:52:39 CST 2020","0","","test_calc","TestDiv","","","test_div_unusual2[a]",""
"skipped","Mon Aug 17 22:52:39 CST 2020","Mon Aug 17 22:52:39 CST 2020","0","","test_calc","TestSub","","","test_sub_unusual[sub_unusual_data1]",""
"passed","Mon Aug 17 22:52:39 CST 2020","Mon Aug 17 22:52:39 CST 2020","1","","test_calc","TestDiv","","","test_div_random[0-72-0]",""
"passed","Mon Aug 17 22:52:39 CST 2020","Mon Aug 17 22:52:39 CST 2020","0","","test_calc","TestAdd","","","test_add_float[add_float_data1]",""
"passed","Mon Aug 17 22:52:39 CST 2020","Mon Aug 17 22:52:39 CST 2020","0","","test_calc","TestAdd","","","test_add_normal[add_normal_data1]",""
"passed","Mon Aug 17 22:52:39 CST 2020","Mon Aug 17 22:52:39 CST 2020","0","","test_calc","TestSub","","","test_sub_float[sub_float_data0]",""
"skipped","Mon Aug 17 22:52:39 CST 2020","Mon Aug 17 22:52:39 CST 2020","0","","test_calc","TestMul","","","test_mul_unusual[mul_unusual_data0]",""
"passed","Mon Aug 17 22:52:39 CST 2020","Mon Aug 17 22:52:39 CST 2020","0","","test_calc","TestSub","","","test_sub_normal[sub_normal_data0]",""
